baseN,W1_us,W2_us,W3_us,W4_us,W1_pass,W2_pass,W3_pass,W4_pass
128,290.031616,288.891541,418.536743,297.231903,1,1,1,1
192,290.791626,289.751587,427.957123,294.651794,1,1,1,1
256,290.651611,290.011597,398.435944,295.551819,1,1,1,1
320,289.651581,292.431702,NA,306.072235,1,1,0,1
384,289.731598,289.891602,NA,303.732147,1,1,0,1
512,321.392853,320.472809,NA,320.292816,1,1,0,1
