baseM_W3,W1_us,W2_us,W3_us,W4_us,W1_pass,W2_pass,W3_pass,W4_pass
16,287.771515,287.571503,2484.039307,292.031677,1,1,1,1
32,290.771637,289.891602,1336.133423,292.891724,1,1,1,1
64,287.631500,287.811523,704.788208,295.671814,1,1,1,1
128,288.071533,291.431671,399.535980,293.171722,1,1,1,1
256,288.191528,287.211487,NA,294.211761,1,1,0,1
