baseM,baseN,baseK,depthA1,depthB1,stepKa,stepKb,relu_us,matmul_us,total_us,correct
48,128,32,4,8,2,2,4.800192,14.840593,19.640785,PASS
48,128,64,4,8,2,2,4.840194,13.140526,17.980720,PASS
48,128,128,4,8,2,2,4.740190,12.200488,16.940678,PASS
48,256,32,4,8,2,2,4.820193,13.600544,18.420737,PASS
48,256,64,4,8,2,2,4.860194,10.900436,15.760630,PASS
