cores,baseM,baseN,duration_us,passed
1,64,64,719.428772,False
1,64,128,564.942627,False
1,64,256,473.238922,False
1,128,64,467.45871,False
1,128,128,423.736938,False
1,128,256,379.69519,False
1,256,64,418.87677,False
1,256,128,403.216125,False
1,512,64,513.120544,False
