baseM,baseN,duration_us,passed
64,64,382.515289,True
64,128,305.752228,True
64,256,255.230209,False
128,64,262.550507,True
128,128,235.38942,True
128,256,210.008408,False
256,64,235.969437,True
256,128,224.468979,True
512,64,273.350922,True
