tileSize,duration_us,precision,status
1024,136.625458,PASS,pass
2048,114.644585,PASS,pass
4096,104.364174,PASS,pass
6144,102.384094,PASS,pass
8192,101.504059,PASS,pass
10240,101.124046,PASS,pass
12288,101.424057,PASS,pass
16384,0.0,PASS,pass
20480,0.0,FAIL,prec_fail
24576,0.0,PASS,pass
32768,0.0,PASS,pass
40960,0.0,PASS,pass
