config,matmul_us,relu_us,total_us
dA=2_dB=2_sKa=1_sKb=1,11.520461,10.460419,21.98
dA=3_dB=3_sKa=1_sKb=1,11.080443,9.580383,20.66
dA=4_dB=4_sKa=2_sKb=2,11.100444,9.000360,20.10
dA=4_dB=2_sKa=2_sKb=1,11.580463,9.040361,20.62
dA=8_dB=8_sKa=4_sKb=4,12.040482,8.540341,20.58
