baseM,baseN,task_duration_us,correct
64,64,416.036652,PASS
64,128,325.673035,PASS
64,160,295.911835,PASS
